<?xml version="1.0" encoding="UTF-8"?>
<customUI xmlns="http://schemas.microsoft.com/office/2009/07/customui" onLoad="Ribbon_OnLoad">
  <ribbon>
    <tabs>
      <tab id="LeanMacroTools" label="Lean Macros">
        <group id="grpFormatting" label="Number Formatting">
          <button id="btnCycleFormats" 
                  label="Cycle Formats" 
                  size="large"
                  imageMso="NumberFormatGallery"
                  onAction="CycleCustomNumberFormats"
                  screentip="Cycle Number Formats"
                  supertip="Cycle through custom number formats. Shortcut: Ctrl+Shift+N"/>
          <button id="btnConfigureFormats" 
                  label="Configure" 
                  size="normal"
                  imageMso="TableStylesGallery"
                  onAction="ConfigureNumberFormats"
                  screentip="Configure Formats"
                  supertip="Customize which number formats appear in the cycle"/>
        </group>
        <group id="grpTracing" label="Formula Tracing">
          <button id="btnTracePrecedents" 
                  label="Trace Precedents" 
                  size="large"
                  imageMso="TracePrecedents"
                  onAction="TracePrecedentsDialog"
                  screentip="Trace Precedents"
                  supertip="Show cells that feed into the current formula. Shortcut: Ctrl+Shift+T"/>
          <button id="btnTraceDependents" 
                  label="Trace Dependents" 
                  size="large"
                  imageMso="TraceDependents"
                  onAction="TraceDependentsDialog"
                  screentip="Trace Dependents"
                  supertip="Show cells that use the current cell. Shortcut: Ctrl+Shift+Y"/>
        </group>
      </tab>
    </tabs>
  </ribbon>
</customUI>
